Customs Code,Weight,Temperature,Origin,Date,Bank,Payment Value,Currency,Cash,Prepaid,Shipping Line,Label
1,99.95036479,5.434343434,4,6/6/2016,1,420.6773246,1,0,1,1,1
6,17.43242432,18.61747518,8,7/6/2016,2,503.5000357,1,0,1,2,1
1,98.79909067,14.98514575,5,22/09/2016,1,475.4151881,1,1,1,3,1
6,96.78885546,17.07879841,8,28/09/2016,1,462.8363524,1,0,0,3,1
7,254.4343,23.27174772,8,19/02/2016,4,526.1153572,3,1,0,2,1
1,343.342,14.4986638,6,2/1/2016,4,494.8884959,1,1,0,1,1
2,91.14430839,21.65601536,8,15/07/2016,5,495.7591683,3,1,0,3,1
2,99.77080234,9.82161346,7,7/9/2016,5,413.8163233,1,1,1,3,1
6,400.32,15.41316983,10,29/09/2016,2,447.2713612,1,1,0,1,1
2,600.32,20.83388286,9,17/11/2016,2,506.3669394,1,1,1,3,1
2,93.77222206,16.2262378,4,18/01/2016,4,200.321,1,1,1,1,1
3,96.12075608,20.92475254,5,15/09/2016,5,499.5009273,3,0,1,1,1
2,600.432432,4.343434342,2,10/5/2016,1,582.2039185,1,1,1,1,1
3,100.5042206,17.90939243,8,21/01/2016,1,222.123,3,1,1,1,1
1,97.22661047,18.6145108,5,21/03/2016,1,322.4499831,3,0,0,3,1
5,200.543,16.30096397,7,7/10/2016,1,260.434,2,1,1,1,1
4,324.432,17.093585,7,2/12/2016,1,494.1593802,3,0,1,3,1
2,101.5177379,17.22048527,7,5/4/2016,1,472.2367141,3,1,0,1,1
2,103.414234,15.21042519,8,22/07/2016,1,457.4415597,3,1,1,3,1
6,402.342,17.43492101,5,28/07/2016,1,163.2283888,3,1,1,1,1
7,100.9797211,20.59725954,2,30/03/2016,2,575.8625467,1,0,1,1,1
6,95.35822797,20.50111744,4,31/07/2016,2,499.2791952,1,0,1,3,1
1,101.5200106,16.70700031,8,13/02/2016,2,180.4323434,1,1,1,2,1
3,95.66980136,17.69911776,3,13/02/2016,3,445.139811,2,1,0,1,0
2,109.6407249,17.15005932,2,9/8/2016,2,414.7802199,1,1,0,2,0
3,500.543543,19.18343162,10,10/9/2016,1,462.608907,2,1,0,3,0
4,543.543543,19.56870169,5,25/02/2016,2,585.6478134,3,1,0,3,0
5,2324.34,19.95079551,6,19/06/2016,5,574.5569216,3,0,1,1,0
2,768.878,19.78835019,10,22/04/2016,4,465.8773942,2,1,1,2,1
1,400.55,19.43095565,8,14/05/2016,4,551.2193756,2,0,0,3,0
5,325.44,15.43327848,3,30/08/2016,3,491.2468272,3,1,1,1,1
7,200.643,17.35379187,2,7/4/2016,1,1000.543534,1,1,1,1,1
6,253.543,19.38441193,7,24/05/2016,2,533.2567729,1,0,0,2,1
7,600.234,19.96513254,3,29/05/2016,3,525.4828479,1,1,1,2,1
2,102.9761808,17.31417241,4,15/04/2016,3,573.2598622,3,0,1,3,1
1,100.4183273,16.6736866,4,27/04/2016,3,534.6576007,3,0,1,1,1
4,105.2169166,18.3772498,1,15/01/2016,1,200.534534,3,1,1,1,1
2,99.28144902,17.61920626,5,18/08/2016,4,462.1447119,3,1,0,1,1
5,101.933661,20.27265637,7,12/1/2016,4,22.4324323,3,0,1,2,1
4,100.6606637,15.60083416,8,29/10/2016,3,150.435344,3,1,1,1,1
1,100.1103933,16.89317218,2,18/06/2016,1,428.642867,3,0,1,3,1
2,102.5949428,18.88065588,2,25/11/2016,4,523.8667283,3,0,1,2,1
1,103.3987443,17.71728798,8,27/10/2016,4,515.8538015,1,1,1,1,1
6,96.26597104,18.58877246,8,2/9/2016,1,546.0968777,1,1,0,1,1
3,97.19380484,18.59656167,1,14/02/2016,2,524.1481486,3,1,1,2,1
6,103.9260141,18.01056018,1,1/8/2016,1,580.9422888,1,1,1,1,1
7,95.64176062,12.14070533,3,7/8/2016,4,522.7352191,2,0,0,3,1
7,94.77461419,54.35435434,2,16/06/2016,3,501.6006065,3,1,1,2,1
1,97.36362197,16.03115473,5,6/7/2016,1,546.8458815,3,1,0,3,1
2,100.6574463,22.18845805,5,24/03/2016,1,540.8143923,1,1,0,2,1
2,100.8989379,2.65754765,5,23/05/2016,4,10000.23233,1,1,0,2,1
2,97.98114476,17.33132708,9,14/07/2016,1,480.7749024,3,1,0,2,1
2,91.06677136,17.81834248,1,24/04/2016,1,569.4721528,1,0,1,2,1
3,103.2260638,19.38435197,3,4/6/2016,3,411.2065454,3,1,1,1,1
7,96.23779788,7.434333343,7,1/1/2016,2,419.8398685,1,0,1,1,1
5,98.39389732,20.20169413,8,12/8/2016,2,515.7870541,2,0,0,2,1
1,104.5155273,13.54917846,8,1/9/2016,4,546.2711322,1,1,0,1,1
2,92.50072353,18.93935649,4,21/04/2016,2,511.3350067,3,0,0,1,1
5,98.55132236,18.14596772,9,4/4/2016,4,547.3794035,3,1,1,1,1
5,100.2891385,453.5474555,1,2/2/2016,1,530.5098149,3,1,0,2,1
1,101.3481519,21.85363387,2,26/03/2016,3,518.5194958,3,0,0,3,1
1,99.85082328,17.38980098,1,12/3/2016,1,503.5897247,3,1,0,2,1
7,89.65980027,3.543664364,2,26/03/2016,1,481.3722751,3,1,1,2,1
5,105.225789,19.40178936,3,11/5/2016,1,539.6710419,3,1,1,1,1
6,106.0279521,15.65091361,3,11/1/2016,4,513.535602,3,1,0,1,1
5,97.56450513,18.61490446,2,11/4/2016,4,565.2740851,2,1,1,2,1
3,100.0022923,17.87012997,6,24/08/2016,3,586.4321705,2,1,1,1,1
6,102.1671302,18.59238073,8,6/1/2016,4,550.3181126,3,1,1,3,1
7,102.4214493,18.33717287,7,30/06/2016,1,531.9518326,3,0,1,2,1
5,97.44411017,14.17076873,8,7/4/2016,1,578.097866,2,1,1,2,1
1,101.6332556,18.98735883,6,8/8/2016,5,457.3959667,3,1,1,2,1
1,99.80151904,20.14086086,3,10/10/2016,3,605.5726274,3,1,1,3,1
4,108.2601754,15.03492414,1,4/1/2016,3,380.981821,3,1,1,1,1
1,96.0646206,19.22362885,4,21/04/2016,3,550.1960941,1,1,1,1,1
2,105.9318254,19.31149125,1,7/1/2016,3,504.2815461,3,1,0,2,1
7,99.56802577,19.89776678,5,28/08/2016,4,467.7005375,3,1,0,2,1
2,94.05771141,16.20292728,8,26/10/2016,4,521.410016,1,1,0,1,1
7,99.64076334,15.18347789,8,1/5/2016,5,479.0133181,3,1,1,3,1
7,99.22505602,16.63052405,8,22/06/2016,1,560.2208455,3,1,1,2,1
4,100.0213185,16.54853561,2,26/09/2016,5,579.3026348,2,1,0,2,1
6,95.16527683,16.58108743,5,1/10/2016,4,561.1151094,3,0,0,3,1
2,100.8078862,18.60957924,6,19/05/2016,5,505.2006494,3,1,1,2,1
3,95.27905743,18.71411829,9,14/11/2016,5,595.0700761,3,1,0,3,1
6,105.257818,16.85822121,2,8/6/2016,5,438.501918,1,1,0,2,1
6,103.411943,21.41394164,7,13/02/2016,4,488.3675153,3,0,1,3,1
7,105.8957903,21.21415906,8,28/03/2016,2,512.658334,1,1,0,3,1
6,100.9532728,18.58472711,9,2/2/2016,3,489.7493289,1,1,1,2,1
2,99.183592,15.16172904,9,8/2/2016,1,430.2379523,1,1,1,1,1
2,107.581395,19.21073616,5,26/02/2016,4,503.5717299,2,1,1,1,1
7,104.0283718,15.24863959,7,29/12/2016,1,580.2090285,3,1,1,1,1
5,98.4786697,17.1460206,8,9/12/2016,1,480.8125958,3,1,0,1,1
1,343.2343,18.93868076,6,15/02/2016,5,534.457446,1,1,1,2,1
6,534.345,20.04965437,7,14/09/2016,2,374.4655801,1,1,1,3,1
2,92.16562763,17.61214993,2,30/12/2016,2,548.7041376,1,1,1,2,1
6,233.4343,15.21043925,9,7/12/2016,1,519.8582981,3,1,1,3,1
4,105.4194083,20.40119358,8,29/07/2016,1,461.8488807,3,1,0,3,1
2,94.27641656,18.43509801,8,21/04/2017,2,489.043241,1,1,1,3,1
7,105.079699,15.7764351,8,12/2/2015,2,443.5240678,2,1,1,3,1
6,434.324,14.15031514,10,10/1/2015,1,479.5968161,3,0,1,1,1
3,104.274527,17.37360908,9,26/03/2017,5,497.476559,3,1,0,3,1
3,103.7792887,18.05520041,6,12/4/2016,4,500.9037278,1,1,1,2,1
5,200.543,19.42007575,3,26/03/2017,5,518.0527176,3,1,0,1,1
2,100.7032678,20.35675061,5,11/5/2016,5,480.1636774,3,1,1,3,1
6,108.7559607,17.90326453,6,11/1/2016,3,513.5133425,3,0,1,3,1
2,434.543,20.99766958,7,11/4/2016,4,499.9404575,1,0,1,2,1
7,300.5435,17.25932707,1,24/08/2017,1,485.7986831,3,0,0,3,1
6,87.53141797,14.3295292,2,6/2/2016,3,506.3629281,3,0,1,3,1
5,99.58550252,20.57915966,10,30/06/2017,3,493.4292344,3,1,1,2,1
2,108.2655487,18.12153756,4,7/4/2016,1,501.3641344,1,1,1,3,1
5,114.3369589,17.16266554,4,8/8/2016,5,496.0232417,1,1,1,2,1
3,91.13816959,19.64892795,7,10/10/2016,3,507.0172115,3,0,0,3,1
3,114.4648183,17.75830894,2,4/1/2016,3,507.6704068,3,1,1,1,1
4,107.2891082,21.44807773,8,21/04/2017,1,493.7674411,1,1,1,2,1
6,107.1478082,17.41825667,7,7/2/2016,2,490.6853385,3,1,1,2,1
6,200.5435,17.07272771,3,28/08/2017,2,497.9962818,3,1,0,2,1
7,97.39451543,18.82454675,1,26/10/2017,2,494.3708137,1,1,1,3,1
3,108.8302245,15.55703043,9,1/6/2016,5,499.7699355,3,1,1,3,1
6,343.324,13.0024869,8,22/06/2017,3,490.5013503,3,1,0,3,1
3,432.32,15.58666735,6,26/09/2017,3,500.9154112,3,1,1,3,1
2,103.4508351,19.81512885,2,1/11/2016,3,496.353386,2,1,0,2,1
5,110.5178817,16.33875591,7,19/05/2017,4,496.721286,3,1,1,3,1
2,350.322,16.8987793,7,14/11/2017,5,495.3659105,3,0,1,1,1
4,270.432,20.87633113,6,8/7/2016,2,494.3511612,1,0,1,3,1
1,94.04737245,18.34351408,7,13/02/2017,4,485.6788237,1,1,0,1,1
5,700.3423,18.46155888,9,28/03/2017,3,498.1381426,3,1,0,1,1
3,106.9764619,17.7747884,9,2/2/2017,5,519.5402725,1,1,1,2,1
1,259.432,18.36640323,5,8/2/2017,5,495.560089,1,1,1,2,1
1,73.60085195,18.1143208,10,26/02/2017,5,517.245381,2,0,0,1,1
3,111.3307947,19.21296876,9,29/12/2017,5,483.2396946,1,1,1,1,1
5,104.5258476,18.84544097,6,9/13/2016,4,499.1490167,1,1,0,2,1
1,102.0734738,16.05716357,9,15/02/2017,2,502.1883158,1,0,0,1,1
4,105.1154589,17.59168634,7,14/09/2017,5,485.3791792,1,1,0,1,1
3,90.38140893,19.53087931,1,30/12/2017,1,524.3645037,1,0,0,1,1
6,98.86708554,18.72408587,3,7/13/2016,1,501.2299465,3,1,0,2,1
5,99.23106287,16.56778586,5,29/07/2017,4,497.5421649,3,1,0,2,1
3,800.4304,17.0093392,2,21/04/2018,1,503.163117,3,1,0,2,1
5,89.98166972,17.47448179,3,7/31/2015,5,505.1383322,3,0,1,2,1
7,108.9988933,18.34220954,5,5/30/2015,4,475.9713217,1,0,1,3,1
2,200.434,16.89097437,1,26/03/2018,5,478.7593859,1,1,1,3,1
2,107.1763459,16.89503561,4,12/5/2016,4,500.2871654,3,0,0,2,1
5,108.6317355,16.05389236,10,26/03/2018,4,499.0369702,2,1,1,2,1
3,99.9420473,19.40963175,7,11/5/2016,1,486.9920943,1,0,1,3,1
4,100.7921205,16.66144177,7,11/1/2016,3,501.5480169,3,1,1,1,1
7,343.503,16.68772128,2,11/4/2016,3,502.8280289,2,0,1,1,1
2,353.656654,16.25899375,7,24/08/2018,2,511.3888009,3,0,1,2,1
1,234.4344,18.68528043,4,6/3/2016,4,504.6889435,3,1,1,1,1
5,987.453,17.18257277,1,30/06/2018,1,481.2370242,3,1,0,3,1
5,300.434,16.32548175,2,7/4/2016,1,509.0182864,3,1,1,2,1
7,234.54,17.31976061,9,8/8/2016,2,523.8250497,2,1,1,2,1
2,235.654,17.81072715,6,10/10/2016,3,492.5543945,3,1,0,3,1
4,343.43,20.01127554,8,4/1/2016,2,513.5068556,2,1,0,3,1
2,343.653,18.25040594,10,21/04/2018,1,485.7237732,3,1,1,1,1
2,108.8616898,19.5516573,1,7/3/2016,4,490.3647189,3,0,0,3,1
2,344.543,17.51443689,1,28/08/2018,4,481.7589841,3,1,1,1,1
2,92.35442996,16.89809831,2,26/10/2018,2,498.526197,1,1,1,2,1
2,250.4344,13.909306,5,1/7/2016,4,517.5837605,2,1,1,2,1
2,105.827141,19.71834605,2,22/06/2018,4,500.8555036,1,1,0,3,1
1,104.5316841,17.11815101,3,26/09/2018,1,494.971137,2,1,1,2,1
4,119.3549573,18.34216623,10,1/12/2016,3,504.4812765,1,1,1,3,1
3,102.540124,18.14285462,6,19/05/2018,2,499.9338231,1,1,1,1,1
5,89.46857342,17.09792554,1,14/11/2018,5,500.3119632,3,0,1,1,1
1,109.4580813,20.89326873,2,8/8/2016,5,479.5361382,1,1,1,1,1
6,108.4941891,17.5397221,2,13/02/2018,3,508.8683655,3,1,0,1,1
1,104.1277646,18.62538087,3,28/03/2018,2,495.0699182,3,0,1,2,1
3,109.7503517,18.75956238,9,2/2/2018,3,513.0330783,3,1,0,1,1
3,99.7496269,18.44853224,10,8/2/2018,1,503.7107821,3,0,1,2,1
5,99.81079107,19.8154186,1,26/02/2018,3,500.5008451,1,1,0,2,1
2,100.8352996,21.43252237,8,29/12/2018,3,495.0347707,3,1,0,3,1
7,85.5045014,18.2453837,6,9/14/2016,5,497.1448061,1,1,1,1,1
1,114.8693141,18.49951815,10,15/02/2018,2,490.4719917,3,1,1,3,1
1,90.46402706,20.49560653,7,14/09/2018,5,488.5281749,3,1,1,2,1
6,107.5534434,16.93181439,9,30/12/2018,1,498.5056505,1,1,0,3,1
4,94.38720643,25.7173379,6,7/14/2016,3,500.1059666,1,1,0,3,1
5,86.83840596,15.238564,7,29/07/2018,3,482.1953231,3,1,0,1,1
5,113.7227286,18.33956134,7,21/04/2019,1,517.374329,1,1,1,1,1
4,105.8411951,18.30834141,10,3/29/2015,5,493.9263958,2,0,1,1,1
5,434.543,14.60579935,4,1/26/2015,1,498.5851867,1,1,1,2,1
4,95.95466521,16.7516999,5,26/03/2019,2,511.3592767,1,1,1,1,1
3,345.5435,19.32938319,4,12/6/2016,4,492.9666249,2,1,1,3,1
5,102.2743248,17.50000246,2,26/03/2019,3,497.8498795,1,0,1,1,1
2,543.435,17.16607374,2,11/5/2016,5,492.1772072,1,0,0,3,1
7,97.00635984,17.97623061,3,11/1/2016,4,490.0330804,1,0,1,2,1
5,98.77560634,17.36546649,1,11/4/2016,4,492.9414691,1,0,0,3,1
7,343.543,19.76018857,2,24/08/2019,4,483.318638,1,1,0,3,1
5,645.45353,20.03782735,1,6/4/2016,1,481.4718265,1,0,0,3,1
1,654.6545,18.31994986,2,30/06/2019,2,493.1001917,1,0,0,1,1
5,543.54353,20.54045454,9,7/4/2016,3,503.5311478,1,0,0,2,1
1,333.33333,16.79789951,3,8/8/2016,5,483.5658049,1,0,1,1,1
1,432.4367,16.33644108,4,10/10/2016,2,516.4150035,3,0,0,2,1
4,93.28086968,19.76002449,10,4/1/2016,5,494.647112,3,1,1,1,1
7,102.3903395,18.70321922,7,21/04/2019,2,494.9372895,1,1,1,2,1
2,900.4343,21.27953413,5,7/4/2016,5,500.3799878,1,1,0,3,1
3,800.3443,16.54781339,7,28/08/2019,3,489.407508,1,1,1,1,1
6,232.4334,18.05037134,1,26/10/2019,4,487.9281557,3,1,1,3,1
7,105.3695305,18.41691866,7,1/8/2016,3,515.9202515,1,0,1,3,1
7,204.5435,17.42512075,9,22/06/2019,3,503.7168646,2,1,1,1,1
1,200.43,15.77870744,3,26/09/2019,1,495.9813926,1,1,0,1,1
1,108.8850805,14.56282197,7,1/13/2016,1,514.7100098,2,1,0,3,1
7,4555.543,15.25598127,7,19/05/2019,5,494.0097865,1,1,1,1,1
4,823.6374,16.83440512,7,14/11/2019,4,494.6423551,1,1,0,3,0
7,88.71159981,19.71487095,7,8/9/2016,1,493.7769649,2,1,0,2,0
4,98.16232845,17.25652053,10,13/02/2019,5,501.9225631,3,0,0,3,0
2,93.67045573,21.67223725,6,28/03/2019,2,506.6751482,1,0,0,3,0
7,102.7644085,19.38140425,2,2/2/2019,4,504.7868722,3,0,1,1,0
4,84.54773568,20.15497656,9,8/2/2019,5,489.3886683,2,1,0,1,0
4,98.23195759,16.32468704,10,26/02/2019,2,504.3382441,2,1,0,2,0
4,100.3239225,18.19043925,10,29/12/2019,3,516.914585,2,0,1,1,0
6,104.498193,19.0153441,6,9/15/2016,3,476.2188042,1,1,0,3,0
7,93.0532967,19.54417406,1,15/02/2019,4,503.4896883,2,0,0,1,0
6,104.2198571,18.89234634,5,14/09/2019,4,504.4960006,2,0,0,1,0
3,112.6282573,14.04623527,7,30/12/2019,3,491.3967964,3,0,0,2,0
2,120.7995998,18.47139643,5,7/15/2016,1,478.171919,1,0,1,3,0
7,108.9641975,19.27171088,7,29/07/2019,4,506.035543,1,0,0,2,0
5,91.00718308,18.04996174,10,21/04/2020,2,480.7355052,1,0,1,3,0
7,102.8949995,20.61493869,8,11/25/2014,4,512.923467,2,0,0,3,0
5,84.8483378,17.7783863,10,9/24/2014,2,506.5408176,2,0,0,2,0
4,93.87463993,18.37158931,1,26/03/2020,1,497.8823665,1,1,1,3,0
7,97.79101715,19.07532595,6,12/7/2016,3,503.9608588,2,0,1,3,0
7,97.96343327,18.8268263,7,26/03/2020,1,511.4275429,1,0,1,2,0
4,95.48824288,16.47230826,2,11/5/2016,1,526.6927643,2,0,1,3,0
4,93.6059324,17.70177869,2,11/1/2016,1,494.4078412,1,0,0,1,0
5,96.95048352,20.34268517,2,11/4/2016,1,501.4052734,2,1,1,3,0
4,94.83509602,17.66097127,8,24/08/2020,4,500.1415541,1,0,0,1,0
3,109.0772243,16.5449058,6,6/5/2016,1,493.5945321,1,0,0,3,0
3,89.6222843,18.52057734,1,30/06/2020,5,494.0114012,2,0,1,1,0
5,89.49668997,21.47415064,3,7/4/2016,1,495.7936766,3,1,1,3,0
4,89.29643281,15.32972347,4,8/8/2016,1,499.5391226,1,0,0,2,0
6,91.58493966,16.51345866,5,10/10/2016,5,488.365438,2,1,0,3,0
2,85.45481102,20.51982789,2,4/1/2016,5,491.3324573,1,1,0,1,0
7,113.7555097,18.63144637,2,21/04/2020,2,508.8151117,1,0,0,1,0
7,107.0417984,16.39619484,10,7/5/2016,3,502.8582316,2,1,0,1,0
2,105.8650718,17.39737662,3,28/08/2020,4,497.7873396,3,1,1,1,0
2,87.41374071,17.23739638,9,26/10/2020,3,511.6543239,1,0,0,1,0
7,93.92511135,14.71628448,3,1/9/2016,4,485.5045132,3,0,0,2,0
1,94.88428188,17.82815361,3,22/06/2020,5,507.7471439,3,1,1,1,0
1,99.90977155,20.24016795,8,26/09/2020,1,502.9180495,2,1,0,1,0
4,100.0096136,17.86984673,10,1/14/2016,2,521.9349833,3,0,0,2,0
3,77.89784197,17.66472899,4,19/05/2020,4,504.6452103,1,0,1,1,0
6,97.78059526,20.81896959,10,14/11/2020,2,491.0278439,2,0,1,2,0
7,89.12638901,17.86848259,10,8/10/2016,4,494.2838527,1,0,0,1,0
4,112.6434139,18.96715206,9,13/02/2020,1,508.1293512,3,0,0,3,0
7,110.8714633,19.66771631,10,28/03/2020,1,508.589003,3,0,1,3,0
4,96.21251052,19.32274166,9,2/2/2020,5,495.7162312,2,1,0,1,0
6,96.59838218,19.2137241,10,8/2/2020,1,499.7795395,2,0,0,3,0
4,102.2668775,17.62757027,8,26/02/2020,5,501.4578782,3,1,0,2,0
5,111.5054315,18.46511022,5,29/12/2020,1,501.1491462,3,0,1,1,0
4,109.6688693,19.9379709,1,9/16/2016,1,499.8611465,2,0,1,2,0
1,82.86892291,15.24858761,2,15/02/2020,4,501.5356528,3,0,0,1,0
1,100.8709181,17.57131712,1,14/09/2020,1,494.5386714,3,0,0,1,0
5,110.1668521,18.34331145,7,30/12/2020,5,505.7664193,1,0,1,1,0
6,99.13546072,19.89922628,3,7/16/2016,2,500.7807693,1,0,0,2,0
1,89.42219245,18.65374735,8,29/07/2020,4,502.6590627,1,1,1,3,0
6,108.2197255,18.37313064,10,21/04/2021,1,520.1123965,2,0,1,1,0
3,95.21620946,17.73686737,10,7/24/2014,1,508.9625783,2,1,0,3,0
7,81.57468294,15.00442901,4,5/23/2014,1,496.1930325,3,0,0,3,0
1,100.1522257,19.83989591,7,26/03/2021,5,503.0356982,1,0,1,1,0
5,104.8034555,15.52347187,5,12/8/2016,3,502.262281,2,0,0,1,0
7,87.8180344,20.26119604,10,26/03/2021,4,463.2734538,2,1,0,2,0
2,98.86113019,20.88592976,4,11/5/2016,4,497.3476768,3,1,0,3,0
2,108.7362232,19.56694616,2,11/1/2016,5,489.9362451,1,0,1,3,0
1,118.5214665,16.63613322,4,11/4/2016,4,499.5171749,2,1,1,3,0
2,104.1479029,15.77284804,8,24/08/2021,1,493.9312514,2,1,0,2,0
7,110.1769179,15.21551896,6,6/6/2016,2,511.2248251,3,0,0,2,0
3,77.80312864,18.5431038,9,30/06/2021,5,509.7051379,3,0,0,1,0
5,86.99730156,15.95197814,10,7/4/2016,2,517.2465962,3,1,1,2,0
1,82.43957464,16.33927126,3,8/8/2016,4,491.2206713,3,1,0,3,0
5,106.9489485,16.20831999,1,10/10/2016,2,504.6705934,2,1,1,3,0
7,107.9596082,16.37541499,6,4/1/2016,5,490.9529576,2,1,1,2,0
7,97.74446098,17.86923773,4,21/04/2021,5,488.1622431,1,1,0,2,0
5,120.6990138,18.16525893,10,7/6/2016,2,508.3183863,1,0,1,2,0
3,105.2440482,17.67231476,9,28/08/2021,2,493.5964177,3,0,0,3,0
4,91.41156686,16.40469792,10,26/10/2021,4,502.9381847,3,0,0,2,0
5,99.54959108,15.11487371,1,1/10/2016,5,494.1586558,3,1,1,1,0
2,101.7770307,15.87805713,2,22/06/2021,3,503.2257247,2,0,0,3,0
3,115.5327602,18.36359779,7,26/09/2021,4,506.585744,2,0,0,3,0
1,100.3874477,17.36394978,1,1/15/2016,4,500.1988575,1,1,1,3,0
4,95.29398582,17.57114146,8,19/05/2021,5,501.7202457,1,0,1,1,0
6,101.9675198,18.03707157,8,14/11/2021,5,514.5052363,1,1,1,2,0
6,103.8319584,19.53997597,7,8/11/2016,5,490.7351033,3,0,0,2,0
5,108.0106218,14.45716499,1,13/02/2021,1,504.2556794,1,1,1,3,0
4,98.67626476,15.38156362,1,28/03/2021,2,499.9390605,3,0,0,2,0
7,88.67828139,19.05333637,3,2/2/2021,2,499.8929628,1,1,0,3,0
7,88.51805512,22.76199629,5,8/2/2021,5,505.9482748,3,0,0,1,0
4,104.2333378,15.65962391,6,26/02/2021,3,504.6832436,3,0,1,2,0
4,98.76991579,14.84258589,1,29/12/2021,2,502.6674912,1,0,0,2,0
5,97.904497,17.27432349,2,9/17/2016,1,507.0299475,3,1,1,2,0
4,95.3609032,15.60886761,7,15/02/2021,5,485.4518231,1,0,1,2,0
3,91.51392353,15.89872965,4,14/09/2021,1,516.7953952,1,1,0,1,0
4,114.5220184,21.27344016,5,30/12/2021,3,499.4216114,3,1,0,3,0
1,105.5217901,20.56907357,8,7/17/2016,3,519.657009,2,0,1,3,0
2,106.861413,18.85025132,1,29/07/2021,1,499.3040045,2,0,0,2,0
3,103.9105424,19.71431652,8,21/04/2022,2,496.7430085,3,1,0,3,0
4,85.31577032,15.91485016,2,3/22/2014,5,506.1216338,2,1,0,2,0
2,97.89683644,18.255759,3,1/19/2014,2,505.6137581,1,1,1,2,0
6,104.5648385,16.91607537,7,26/03/2022,4,487.9203503,3,1,1,3,0
3,97.64981603,18.22515349,8,12/9/2016,2,514.449017,3,0,0,2,0
5,99.43238235,21.21273533,8,26/03/2022,4,507.6683366,2,1,1,1,0
7,111.9457543,18.70640357,2,11/5/2016,1,519.8589086,3,0,1,1,0
3,87.9370414,19.38940674,4,11/1/2016,5,508.4698718,2,0,1,3,0
7,88.24983339,19.12611152,8,11/4/2016,4,506.9862526,3,0,0,1,0
5,113.2871514,17.43274991,9,24/08/2022,1,498.9959707,3,0,0,2,0
4,93.51881746,18.94954864,1,6/7/2016,1,503.2777482,1,1,1,1,0
1,101.6000567,19.42556782,1,30/06/2022,3,487.9510349,1,1,1,2,0
7,95.00083975,19.14182875,3,7/4/2016,1,498.0553477,2,0,0,1,0
1,94.51725209,16.85680283,1,8/8/2016,4,509.9934646,2,1,1,2,0
7,93.00442697,19.47074525,2,10/10/2016,1,521.3403933,1,0,0,2,0
7,81.02782741,16.64970023,2,4/1/2016,5,500.0049996,1,1,1,2,0
1,104.7839692,19.17934727,6,21/04/2022,3,496.3790022,1,1,1,1,0
6,111.0778343,20.20534985,3,7/7/2016,4,507.7633728,3,1,1,1,0
7,91.38508253,19.06703747,6,28/08/2022,5,505.8360694,2,0,0,1,0
6,107.6242411,18.34933775,3,26/10/2022,2,478.1212242,1,0,0,2,0
5,95.32866374,17.50547261,4,1/11/2016,4,509.5669223,1,0,1,2,0
5,110.1845121,18.57639902,8,22/06/2022,4,485.6784382,3,1,0,3,0
1,98.40823198,17.77276977,10,26/09/2022,1,499.7907019,3,1,0,2,0
7,125.0935219,15.08809667,8,1/16/2016,2,503.5420187,2,1,1,1,0
3,99.20646742,16.31189392,4,19/05/2022,2,511.1855858,2,0,0,1,0
3,97.45989812,19.31388405,8,14/11/2022,3,493.4734366,2,1,0,3,0
5,95.08615865,17.41335406,5,8/12/2016,2,511.4723446,3,1,0,2,0
6,88.63325783,18.5922282,10,13/02/2022,1,497.1724269,1,0,1,1,0
4,106.9047091,18.70156844,9,28/03/2022,5,516.3598298,3,1,0,3,0
1,110.3353883,20.08153859,4,2/2/2022,1,496.6449426,2,1,1,3,0
4,107.5980423,19.39742658,6,8/2/2022,3,501.0368707,1,0,0,1,0
4,106.4967633,17.86761565,9,26/02/2022,3,504.0685873,3,0,0,1,0
1,116.5391811,16.03758361,1,29/12/2022,5,498.5852291,1,1,0,3,0
5,98.30152142,16.3809051,7,9/18/2016,4,494.7531936,1,0,0,2,0
1,113.1595047,14.51068125,8,15/02/2022,5,508.2550711,2,0,1,1,0
5,73.61778942,15.97995857,7,14/09/2022,4,499.7918468,1,1,0,3,0
1,98.82015826,14.13569523,6,30/12/2022,3,486.3019851,1,0,0,2,0
3,117.0281429,16.60086146,7,7/18/2016,4,499.8192699,1,1,0,1,0
6,103.1645006,17.92471756,6,29/07/2022,5,510.422697,1,0,1,1,0
6,98.62652741,18.75792429,2,21/04/2023,5,506.6742854,3,0,0,1,0
4,81.08683045,18.99748266,5,11/18/2013,2,519.1892571,3,1,1,2,0
2,104.6041537,18.7493826,2,9/17/2013,5,487.331151,2,0,1,3,0
5,95.72361014,17.97912023,10,26/03/2023,2,500.017861,3,1,1,2,0
2,84.64446768,18.2264629,8,12/10/2016,3,495.8315712,3,1,0,1,0
1,91.28659367,16.85097894,10,26/03/2023,2,511.2158356,1,1,0,3,0
4,92.80875257,18.90657475,2,11/5/2016,5,515.0847768,1,0,0,2,0
5,88.41212778,16.86003313,1,11/1/2016,2,483.4805068,1,1,1,1,0
4,109.7865907,18.571788,5,11/4/2016,2,473.7779658,1,1,1,2,0
5,100.4480774,18.37770629,4,24/08/2023,1,508.8501699,2,1,1,2,0
2,121.0405688,15.26108743,1,6/8/2016,4,506.0948132,1,1,0,1,0
6,101.1490621,16.98994918,9,30/06/2023,3,504.1621362,3,0,0,3,0
4,94.23283237,16.61031673,2,7/4/2016,1,495.3182104,1,1,1,1,0
1,112.1888741,12.85368905,4,8/8/2016,2,494.4540707,2,0,1,1,0
6,100.8850899,16.60988159,9,10/10/2016,2,503.1707644,3,1,1,1,0
1,94.00922118,22.51492807,8,4/1/2016,2,499.975071,2,0,1,2,0
6,91.76506002,17.14527528,7,21/04/2023,1,511.6302815,3,1,1,3,0
3,101.978896,16.52007418,9,7/8/2016,4,500.0197208,3,1,1,3,0
2,109.0858285,20.4427899,4,28/08/2023,1,511.0362885,1,1,1,1,0
2,106.051133,16.52508912,7,26/10/2023,3,494.5271486,1,0,1,2,0
4,110.4892523,15.01390583,3,1/12/2016,2,510.5286253,1,1,1,3,0
6,82.66446316,19.12281264,5,22/06/2023,2,498.9379853,2,0,1,1,0
2,101.2352259,14.92478827,9,26/09/2023,2,486.2089671,2,0,1,3,0
7,97.2684069,16.37186042,8,1/17/2016,2,492.502196,3,0,1,1,0
6,104.4254031,15.48871289,4,19/05/2023,5,497.4994107,1,0,1,1,0
1,112.226874,20.07165701,10,14/11/2023,2,515.8681977,1,1,1,3,0
7,98.48014883,18.98485527,7,8/13/2016,5,506.1756317,1,0,0,1,0
5,99.87495919,21.18767933,2,13/02/2023,4,494.4039652,3,1,0,2,0
7,94.72268821,18.99025994,2,28/03/2023,4,501.7829741,3,0,1,1,0
6,104.9972575,15.72267748,7,2/2/2023,4,502.2226163,3,0,0,1,0
3,101.0812218,17.10666059,1,8/2/2023,2,499.4266876,3,1,1,1,0
3,100.7747247,16.16758456,8,26/02/2023,3,498.5898668,3,0,0,3,0
3,112.1994289,16.04465718,7,29/12/2023,5,505.5127525,1,0,0,1,0
2,97.45678687,19.80811944,10,9/19/2016,2,501.7208931,2,0,1,1,0
3,105.4690553,18.37938661,7,15/02/2023,1,503.9647216,2,0,0,2,0
3,100.2072394,13.76557377,8,14/09/2023,5,495.0046271,2,1,1,1,0
4,92.90174219,17.4372656,4,30/12/2023,4,500.8742073,1,0,1,3,0
4,106.4497972,19.07734116,5,7/19/2016,5,505.3840982,3,0,0,2,0
7,106.6325169,18.68269567,9,29/07/2023,1,485.6774008,3,1,0,3,0
6,96.30068701,20.15137013,5,21/04/2024,3,490.407012,3,1,0,2,0
4,114.453692,18.40869963,10,7/17/2013,5,495.7828093,1,0,0,2,0
4,117.2091589,17.26637584,2,5/16/2013,3,516.9348601,3,0,0,1,0
5,111.1275615,18.18031497,2,26/03/2024,5,508.2758356,1,0,0,3,0
4,102.0146428,15.71285333,5,12/11/2016,5,500.2953993,1,0,1,3,0
4,94.49039453,14.78376662,5,26/03/2024,4,460.2060929,1,0,0,1,0
2,101.7889647,17.58460812,10,11/5/2016,4,501.8028135,1,0,0,1,0
5,115.3076647,18.16971713,5,11/1/2016,4,503.4429702,3,0,0,1,0
2,85.82682651,16.73838527,5,11/4/2016,5,498.5916668,1,0,0,2,0
7,84.13616607,17.36562003,5,24/08/2024,5,508.6214354,3,0,1,1,0
7,107.7146741,17.73159958,4,6/9/2016,1,498.4533036,2,0,0,1,0
2,113.0997792,15.87498734,9,30/06/2024,4,501.2546176,1,0,0,3,0
5,106.9618833,18.15213219,3,7/4/2016,1,503.3583313,2,0,0,1,0
5,101.5885373,17.65147678,9,8/8/2016,1,491.6408277,2,1,1,2,0
6,97.4484113,19.59228874,9,10/10/2016,4,495.8981512,3,1,1,2,0
7,88.57504535,17.2587854,5,4/1/2016,4,490.6061791,1,1,1,3,0
4,110.6083654,15.08183779,8,21/04/2024,3,503.962825,2,0,1,2,0
3,98.51158226,20.52655287,3,7/9/2016,3,528.4352102,1,0,0,2,0
4,101.8020892,21.82485329,9,28/08/2024,4,491.031362,2,0,1,2,0
5,101.7949872,17.98309872,5,26/10/2024,2,486.5756758,2,0,0,2,0
5,108.0993316,19.58776733,5,1/13/2016,4,513.2239172,3,0,0,1,0
3,105.9445908,18.64892169,9,22/06/2024,1,504.7470644,3,1,0,3,0
6,106.1615772,16.05243263,5,26/09/2024,2,498.2164288,2,1,1,3,0
4,99.76819292,16.73022424,1,1/18/2016,1,504.5431312,3,0,1,2,0
7,99.94026958,17.81836105,6,19/05/2024,4,498.4458316,3,1,1,2,0
6,98.96019065,17.73798255,4,14/11/2024,5,508.7608372,1,0,1,1,0
4,91.10277414,15.79402027,9,8/14/2016,4,492.8432441,1,1,0,1,0
7,99.59689171,17.51112277,2,13/02/2024,2,502.0985032,2,1,0,1,0
2,107.271171,19.17349853,1,28/03/2024,5,496.343951,2,1,0,1,0
3,90.44821386,20.17349964,1,2/2/2024,5,503.9915189,1,0,0,2,0
3,95.47854412,16.75871076,4,8/2/2024,3,487.908552,1,1,1,1,0
3,115.4981342,18.35464329,7,26/02/2024,3,491.1098874,2,1,0,1,0
4,111.1934149,16.43448253,3,29/12/2024,2,505.3217701,2,0,1,3,0
4,108.8257661,16.03285639,9,9/20/2016,2,502.3977922,3,1,0,3,0
7,98.94901083,15.54964652,10,15/02/2024,4,482.0728186,1,1,0,2,0
1,101.3849046,19.86977595,6,14/09/2024,5,501.6051689,2,1,1,3,0
4,88.14968767,18.77549715,1,30/12/2024,5,513.0783099,2,1,1,1,0
5,95.0858223,17.81949595,1,7/20/2016,5,512.703165,1,0,1,3,0
3,106.1502206,21.39135824,6,29/07/2024,1,496.1203902,2,0,0,3,0
6,98.36128756,16.99121886,1,21/04/2025,3,509.8732821,2,0,1,2,0
4,97.90156216,14.75282786,2,3/15/2013,4,492.5939759,2,1,0,2,0
6,95.89277928,15.75863641,3,1/12/2013,4,512.3397866,3,1,1,1,0
6,100.3462685,21.34936853,9,26/03/2025,2,513.7652377,1,1,0,1,0
5,104.2053772,18.31004051,7,12/12/2016,2,517.9938397,3,1,1,1,0
1,102.0941434,20.06928947,5,26/03/2025,1,510.1107795,1,0,0,2,0
4,102.446401,15.73526845,10,11/5/2016,2,504.9019709,1,1,0,1,0
7,88.42078519,16.75384,9,11/1/2016,4,495.1400925,3,1,1,1,0
4,104.2246876,14.20005285,10,11/4/2016,3,493.6981132,1,0,0,3,0
6,84.26946669,16.50876642,8,24/08/2025,1,497.035364,3,0,1,1,0
3,99.96775367,19.51764678,4,6/10/2016,2,515.02082,1,1,0,1,0
5,113.3918955,19.38715561,4,30/06/2025,4,484.7755771,1,1,0,3,0
1,100.9168037,16.25162694,3,7/4/2016,3,494.9719886,2,1,1,3,0
3,85.6990951,16.77597082,4,8/8/2016,4,490.1701638,1,1,0,1,0
2,96.71050213,17.56191963,10,10/10/2016,4,493.7866871,3,0,0,3,0
1,91.05025582,19.05353833,7,4/1/2016,3,490.4374002,3,1,0,2,0
1,97.20449707,20.37582178,8,21/04/2025,4,515.7087657,2,0,0,3,0
1,76.6006676,17.41094934,6,7/10/2016,1,497.9005444,2,0,0,3,0
2,110.1172398,17.88929561,5,28/08/2025,1,498.7003847,1,0,0,1,0
6,98.41703224,14.8372048,8,26/10/2025,5,499.1435407,1,1,0,3,0
3,108.7178274,16.69919258,9,1/14/2016,4,501.5666218,2,1,1,2,0
6,109.1118515,18.07024638,3,22/06/2025,4,491.777789,1,1,0,3,0
7,110.4401371,17.95301436,5,26/09/2025,5,496.0198818,2,0,1,3,0
4,95.14580614,19.33922197,7,1/19/2016,4,501.3214096,1,1,1,2,0
6,96.25179059,20.80943314,1,19/05/2025,2,515.1304444,1,1,0,3,0
4,100.8147525,18.70538315,8,14/11/2025,3,511.3357728,1,1,0,3,0
2,92.75532406,17.75927421,8,8/15/2016,5,492.903024,3,1,0,3,0
7,106.0757231,17.9758992,1,13/02/2025,5,495.1012646,2,1,0,2,0
7,103.1485292,19.11265074,9,28/03/2025,2,489.7734473,3,1,0,2,0
4,108.6789224,14.70596598,4,2/2/2025,5,491.1315207,3,0,1,1,0
1,82.50675326,15.92402695,4,8/2/2025,3,489.0681988,3,0,1,3,0
5,97.76696094,18.90571707,1,26/02/2025,1,494.2007227,2,1,1,1,0
7,86.11072178,18.82570654,4,29/12/2025,3,501.2453298,2,0,1,2,0
6,114.4601699,20.91286317,10,9/21/2016,5,501.9833607,2,1,1,1,0
1,90.50757008,20.29091443,4,15/02/2025,5,483.7107824,1,0,1,3,0
2,106.3626493,19.16428168,10,14/09/2025,4,497.0266349,3,0,0,2,0
5,86.3360338,18.47322739,5,30/12/2025,2,503.480493,1,0,0,2,0
5,102.1505193,18.95865431,10,7/21/2016,4,484.1850233,2,1,0,1,0
3,111.6671527,14.63667341,7,29/07/2025,1,498.3682227,1,1,1,3,0
1,91.13733465,18.25792491,9,21/04/2026,2,507.9960372,2,1,1,1,0
2,100.026639,20.60677195,9,11/11/2012,1,497.483319,3,0,1,2,0
3,113.143189,18.54514479,9,9/10/2012,3,506.9424553,3,1,0,1,0
4,120.3261916,16.684474,6,26/03/2026,4,492.5658003,1,1,0,2,0
2,108.4624584,18.23074534,10,12/13/2016,3,513.1273409,1,0,1,3,0
1,91.323669,22.09684402,9,26/03/2026,4,500.7573867,2,1,0,1,0
1,108.6726644,16.84051291,10,11/5/2016,3,491.6608945,1,1,1,3,0
6,107.7423372,16.34981501,8,11/1/2016,2,492.1860872,2,1,1,1,0
6,100.7248835,18.19574342,8,11/4/2016,4,507.6284959,1,0,0,2,0
7,88.0530531,19.65696506,9,24/08/2026,1,497.1312486,1,1,0,3,0
7,89.12203908,16.91419292,7,6/11/2016,4,505.3754083,2,0,0,3,0
1,108.3939412,15.05074387,3,30/06/2026,3,503.7369587,3,1,1,2,0
3,98.43469842,17.29748198,5,7/4/2016,1,496.9561122,1,0,0,1,0
4,87.48919816,16.04733353,2,8/8/2016,2,508.8578096,1,0,1,1,0
4,85.87474216,19.23450338,5,10/10/2016,1,500.2438928,3,1,0,2,0
2,98.73728277,19.46226987,5,4/1/2016,4,494.4563041,1,0,0,2,0
1,99.68461199,17.59320687,6,21/04/2026,4,502.5351759,3,1,1,2,0
6,81.99838418,15.85241246,9,7/11/2016,2,485.8277528,3,1,0,1,0
2,110.455393,21.43898496,5,28/08/2026,2,502.4971594,2,1,0,3,0
5,109.4919487,18.66713225,2,26/10/2026,5,498.3759966,2,1,1,2,0
4,84.20901493,19.6130593,2,1/15/2016,2,512.0766015,3,0,1,3,0
6,98.41539926,15.4507698,4,22/06/2026,2,501.7511044,3,1,0,3,0
3,100.5411586,16.11688935,3,26/09/2026,2,493.7969091,1,1,0,3,0
2,97.81459027,23.83927775,10,1/20/2016,1,499.1200297,3,0,0,3,0
2,79.31518777,17.37640282,10,19/05/2026,2,510.6464265,1,1,1,1,0
5,106.3485217,21.61783641,6,14/11/2026,5,476.6701711,3,1,0,1,0
1,97.57348982,16.77466076,2,8/16/2016,2,511.6877736,3,1,0,1,0
1,117.6224007,16.40958063,5,13/02/2026,3,526.148652,1,0,1,2,0
1,93.0699411,18.43472048,10,28/03/2026,3,496.2110387,2,1,0,3,0
1,116.5479042,15.32949929,6,2/2/2026,2,495.1719257,2,1,1,3,0
4,97.76898863,17.80216094,7,8/2/2026,2,497.9035777,1,1,0,2,0
7,109.5245158,18.15228718,3,26/02/2026,3,507.5664008,3,1,1,1,0
5,96.48133509,14.35150919,2,29/12/2026,1,505.7662612,3,1,0,2,0
5,108.3379698,17.1036076,4,9/22/2016,3,497.2270271,2,1,0,2,0
3,114.1042861,16.30878972,8,15/02/2026,5,506.3992582,1,1,0,1,0
2,102.745695,17.6704842,1,14/09/2026,3,507.7719778,2,0,1,2,0
7,79.7590325,19.71346572,1,30/12/2026,5,494.9039841,1,1,1,1,0
1,99.60986968,19.16598123,9,7/22/2016,3,498.9579198,2,0,1,1,0
7,92.94868219,20.39264456,9,29/07/2026,2,503.9179636,2,0,1,1,0
7,100.3424781,20.25062706,10,21/04/2027,5,492.3189181,2,0,0,2,0
6,99.70944383,19.20790963,3,7/10/2012,4,499.3233317,1,0,1,1,0
6,107.8805902,17.42921298,10,5/9/2012,1,505.8104841,3,0,0,1,0
6,99.0921118,20.07698866,6,26/03/2027,3,492.009666,3,0,0,2,0
5,109.1331477,20.32401675,6,12/14/2016,3,497.0927266,3,1,1,2,0
5,100.9331416,16.3212945,1,26/03/2027,1,502.2489547,3,0,0,2,0
1,114.8273323,14.7000766,6,11/5/2016,5,498.6178218,3,1,0,2,0
2,100.5350866,15.84479924,6,11/1/2016,4,511.1768527,1,1,0,1,0
7,109.8154058,15.88586096,7,11/4/2016,2,501.3650852,2,0,1,3,0
1,112.0313079,14.6061546,6,24/08/2027,1,508.2810715,3,0,0,3,0
4,103.9109092,19.15660707,7,6/12/2016,5,508.787451,1,0,0,1,0
6,96.635497,18.33313734,6,30/06/2027,2,496.2633491,3,0,1,3,0
1,103.8420055,21.6661754,1,7/4/2016,4,497.4808673,1,1,0,3,0
1,111.0940529,20.46662647,5,8/8/2016,2,501.4491657,2,0,1,3,0
5,112.9852858,14.76080641,9,10/10/2016,2,483.0678326,1,1,1,1,0
5,109.0228979,18.26161712,3,4/1/2016,1,498.8289095,2,0,0,2,0
6,102.1808813,15.53996645,8,21/04/2027,1,502.4473726,2,1,0,1,0
6,101.8173326,18.54757785,2,7/12/2016,5,492.8879745,3,1,1,1,0
7,93.16930971,20.22268803,9,28/08/2027,5,506.1552115,3,1,0,3,0
7,101.176717,16.75324818,9,26/10/2027,4,480.4176996,3,1,0,2,0
2,103.2868139,15.38183743,5,1/16/2016,4,501.7088918,2,0,1,2,0
4,93.05079551,16.70781572,8,22/06/2027,4,492.9176334,2,1,0,2,0
6,92.30193202,16.97561801,7,26/09/2027,2,495.0860936,2,0,1,1,0
1,108.7151853,18.18172799,7,1/21/2016,4,515.1003939,1,1,1,1,0
3,96.49543587,17.43892892,9,19/05/2027,4,502.3917685,1,1,0,2,0
7,92.16786269,15.44818548,7,14/11/2027,1,498.5251899,1,1,1,3,0
3,115.0388315,16.08513489,9,8/17/2016,1,489.5966508,3,0,0,2,0
5,107.8270086,14.63595936,6,13/02/2027,3,507.2787379,1,0,1,3,0
7,105.2843037,11.34772941,9,28/03/2027,3,505.593928,3,1,1,2,0
6,89.81986589,15.56224024,8,2/2/2027,4,519.5443657,1,0,1,2,0
5,104.2559395,20.7911063,3,8/2/2027,3,505.0393063,2,1,0,1,0
4,105.6436237,17.09773733,1,26/02/2027,4,499.1245229,3,1,1,3,0
4,103.4421119,22.58603561,3,29/12/2027,2,487.5789881,2,0,0,3,0
4,103.6960239,18.28030068,9,9/23/2016,5,501.8449067,2,0,1,1,0
2,76.6614237,19.79147487,6,15/02/2027,4,502.2698802,3,1,0,2,0
5,94.19093325,13.84555311,5,14/09/2027,1,494.1759487,1,1,0,2,0
2,95.71531429,17.43794044,5,30/12/2027,5,517.4808916,3,1,1,3,0
1,94.76280271,15.28212563,6,7/23/2016,5,480.5713936,1,1,0,1,0
6,101.8826661,19.27459771,3,29/07/2027,4,508.728439,2,0,1,3,0
3,83.83204586,21.09315715,2,21/04/2028,2,504.2343996,1,1,1,1,0
4,89.98198776,14.45249518,3,3/8/2012,4,514.8301079,1,1,0,2,0
1,109.7019842,20.37498204,5,1/6/2012,2,499.7001009,2,1,0,3,0
4,99.55523821,16.00257544,4,26/03/2028,2,487.3265181,3,0,1,2,0
6,93.44734498,17.55157312,10,12/15/2016,3,535.0534098,2,1,0,2,0
6,103.4980118,19.79432871,1,26/03/2028,5,506.5539782,1,0,0,2,0
6,94.35977624,17.02851707,7,11/5/2016,5,504.1543655,1,0,1,3,0
4,106.9469718,19.48865887,4,11/1/2016,4,497.0588713,2,0,0,2,0
6,98.05299043,17.48169939,2,11/4/2016,2,494.7653679,1,1,0,1,0
7,76.93926134,19.64299146,7,24/08/2028,1,501.4904993,3,0,1,2,0
3,102.9224132,18.78557461,2,6/13/2016,2,487.6046659,3,0,0,1,0
4,115.0790061,16.87297443,10,30/06/2028,2,509.8996691,1,1,1,3,0
3,95.2987212,20.66529159,8,7/4/2016,5,493.7039998,1,0,0,2,0
1,96.29150543,19.70622721,2,8/8/2016,2,486.7734332,1,1,1,1,0
2,105.3329094,17.03339629,9,10/10/2016,2,491.8717246,3,1,0,3,0
4,99.62874317,20.3858971,9,4/1/2016,3,510.205377,2,0,0,1,0
5,112.1458508,16.30861279,3,21/04/2028,4,495.5096424,1,1,1,3,0
5,106.1349049,20.50153094,7,7/13/2016,4,504.5692052,2,1,1,2,0
5,125.6990223,15.76045083,4,28/08/2028,1,500.6343466,3,0,1,3,0
7,93.79188254,19.87285078,7,26/10/2028,4,482.5254413,3,0,1,1,0
3,101.8803993,16.64573755,5,1/17/2016,2,502.2072648,1,0,0,2,0
1,93.36982934,16.50002849,5,22/06/2028,2,505.4122155,2,0,1,2,0
7,104.9355522,16.06298361,3,26/09/2028,2,502.1280377,2,0,0,1,0
7,90.00878054,19.23391735,2,1/22/2016,1,485.7297224,2,0,0,3,0
5,96.92600074,14.32525308,1,19/05/2028,5,507.0624857,2,0,1,3,0
1,88.63734884,20.11551883,9,14/11/2028,2,491.0929281,1,0,0,3,0
5,104.709597,18.29591239,3,8/18/2016,2,495.6980752,1,1,0,3,0
1,98.89764295,13.36510103,8,13/02/2028,4,515.1784086,3,1,1,2,0
5,95.44393552,15.02679682,2,28/03/2028,5,500.5675482,2,0,1,2,0
6,99.71773274,20.99212888,5,2/2/2028,4,495.075252,3,1,0,1,0
7,95.50620009,20.63993814,3,8/2/2028,2,508.2748949,3,1,0,3,0
4,101.0851676,21.38625281,5,26/02/2028,1,509.5316116,3,1,0,2,0
7,88.22947294,19.38030712,5,29/12/2028,4,513.380708,2,0,1,3,0
1,93.72644125,19.85110426,8,9/24/2016,1,494.1968999,2,1,1,1,0
3,111.4146839,18.95313742,4,15/02/2028,2,504.4857603,2,1,0,1,0
6,92.83949902,23.20059198,6,14/09/2028,5,483.4320138,1,0,1,1,0
6,102.5111257,23.16353788,7,30/12/2028,2,503.3300684,2,0,0,2,0
3,113.2892574,18.60313074,5,7/24/2016,5,508.8771694,3,1,1,2,0
5,100.3362624,16.24254156,7,29/07/2028,5,513.6033577,1,1,0,2,0
6,95.87667706,18.57945813,8,21/04/2029,1,494.9272116,3,1,1,1,0
5,108.3463608,18.51988704,5,11/5/2011,3,498.8296462,1,0,0,1,0
1,94.54071154,18.38572563,4,9/4/2011,5,481.866183,2,1,1,2,0
2,91.9920415,18.21429422,1,26/03/2029,3,500.1441834,3,1,1,3,0
1,93.75913683,17.58994911,1,12/16/2016,1,497.9315322,1,0,1,1,0
4,102.2531533,23.0339426,2,26/03/2029,3,482.3855294,3,0,0,3,0
3,102.7399972,21.43802525,1,11/5/2016,2,505.7874025,2,0,1,2,0
4,96.21186435,16.28546467,7,11/1/2016,2,478.1711413,2,0,0,2,0
3,99.62867448,20.33157722,7,11/4/2016,3,497.1809061,3,1,0,1,0
3,109.8200385,18.86422792,10,24/08/2029,4,510.8828735,1,0,0,3,0
1,112.710161,19.52921321,9,6/14/2016,3,483.0460913,1,0,0,3,0
1,108.758621,17.98868285,7,30/06/2029,5,502.7623153,1,1,1,3,0
5,88.62147737,16.42506023,5,7/4/2016,5,492.3798256,2,1,0,2,0
1,103.5038919,21.5671063,3,8/8/2016,2,487.4695801,3,0,1,3,0
4,104.6071556,21.87712609,3,10/10/2016,4,496.3488844,2,0,0,2,0
7,91.52978113,19.58500225,7,4/1/2016,5,502.7172114,3,1,0,2,0
6,97.2260655,21.59564773,10,21/04/2029,3,482.5933738,3,1,0,2,0
4,101.0314413,18.57483455,10,7/14/2016,4,504.3555752,1,0,1,1,0
2,100.2431601,17.85726596,10,28/08/2029,4,502.4906297,1,0,1,3,0
4,94.63077218,18.06670212,10,26/10/2029,3,508.1736259,1,1,0,1,0
4,93.04115884,18.94063366,6,1/18/2016,1,495.4238453,3,0,0,3,0
4,117.5618538,18.37764165,3,22/06/2029,4,504.4233116,1,0,1,3,0
6,99.17182047,18.88511592,4,26/09/2029,4,496.8959481,1,0,1,1,0
4,98.39053328,20.7040924,8,1/23/2016,1,478.8412138,3,1,0,1,0
6,108.8229137,17.08576769,3,19/05/2029,4,496.3657755,3,0,1,3,0
3,111.8077623,18.75620123,6,14/11/2029,4,486.5777532,1,0,0,3,0
4,91.22539817,19.96889495,2,8/19/2016,4,511.6638864,1,0,1,1,0
2,109.3949953,18.99701893,6,13/02/2029,5,510.077626,1,0,1,2,0
6,91.34411526,19.57432891,4,28/03/2029,5,491.8878707,2,0,0,1,0
5,97.921037,17.36575201,4,2/2/2029,1,497.981228,2,0,0,1,0
5,105.5211184,20.62845771,2,8/2/2029,2,481.8919476,3,0,1,2,0
5,97.33473762,16.77957041,9,26/02/2029,1,493.4030772,3,1,0,2,0
3,101.3318619,15.25319514,6,29/12/2029,1,507.9977134,1,1,0,1,0
4,102.3808982,19.28193327,8,9/25/2016,5,499.783989,1,0,1,1,0
1,94.51924915,16.25161635,1,15/02/2029,4,505.385862,3,0,1,1,0
7,107.8762693,14.73256065,6,14/09/2029,5,504.6808747,1,1,1,3,0
1,92.14864218,19.24170998,3,30/12/2029,1,510.5550636,3,0,0,1,0
3,99.65108099,15.70862552,8,7/25/2016,5,509.55086,3,0,0,2,0
7,97.55795605,18.0714376,6,29/07/2029,2,507.0474932,2,1,1,2,0
7,95.51515165,16.41830827,1,21/04/2030,2,510.3626014,1,1,0,3,0
6,106.7523476,19.26714617,1,7/4/2011,2,474.1847569,2,1,0,2,0
1,89.30285574,15.32308205,5,5/3/2011,4,491.6691322,1,0,0,1,0
5,92.25994451,16.54688419,7,26/03/2030,2,495.0671311,3,1,1,2,0
1,100.8811369,18.33048719,10,12/17/2016,3,493.1666663,1,0,1,2,0
1,117.9241407,19.56665458,6,26/03/2030,4,524.9903597,3,0,0,1,0
2,105.4637512,17.48266854,10,11/5/2016,3,492.4153673,3,0,1,3,0
3,94.61795508,18.98721886,9,11/1/2016,3,500.3722033,2,1,1,2,0
4,108.9088988,20.6238935,10,11/4/2016,2,490.1717994,2,0,0,3,0
6,89.9706829,15.06384694,10,24/08/2030,1,516.1065389,2,1,1,1,0
4,91.07306783,20.10914165,1,6/15/2016,5,490.7464846,2,1,1,1,0
2,93.60701977,18.27739259,4,30/06/2030,4,503.9143866,2,1,1,2,0
4,86.76752566,17.69482246,10,7/4/2016,1,503.0055275,1,1,1,3,0
1,104.1777095,16.99843214,10,8/8/2016,1,494.6131666,1,1,0,3,0
3,92.94094977,17.59068134,6,10/10/2016,2,497.9086896,2,1,1,1,0
1,92.80194793,18.53077646,7,4/1/2016,2,498.4333806,1,1,1,3,0
1,101.9329613,19.18759536,5,21/04/2030,2,504.2661042,2,0,0,1,0
5,109.8125554,17.32859476,8,7/15/2016,1,500.2566068,2,1,1,2,0
5,97.09428135,15.50065331,1,28/08/2030,4,474.8995749,1,0,0,3,0
3,109.5733378,17.40544682,1,26/10/2030,2,506.8850321,1,0,0,1,0
5,108.1079539,18.73296898,7,1/19/2016,4,509.4622253,1,0,0,1,0
6,92.24813429,15.51887436,7,22/06/2030,2,516.5728372,3,0,1,1,0
3,97.32890084,16.06373353,7,26/09/2030,1,499.099154,3,1,0,2,0
4,97.492035,16.90756479,7,1/24/2016,2,493.6988446,3,0,0,3,0
6,77.88801293,20.89311023,1,19/05/2030,5,505.1075226,3,0,0,1,0
6,91.11526778,19.97846534,2,14/11/2030,5,497.7546934,2,0,0,1,0
5,93.87490765,14.91208544,8,8/20/2016,2,507.4002695,3,1,0,3,0
6,89.10934077,18.42974974,9,13/02/2030,2,502.3648584,1,1,1,1,0
5,101.405161,19.02007018,6,28/03/2030,5,514.520091,2,0,1,1,0
1,104.4145077,21.81428604,4,2/2/2030,5,490.82794,2,1,1,3,0
1,87.04559677,19.12556688,2,8/2/2030,1,471.4145105,3,1,1,1,0
4,113.4908354,19.46646106,1,26/02/2030,4,482.6328486,1,0,0,3,0
5,100.669727,18.25634637,6,29/12/2030,1,491.0464413,2,1,1,1,0
2,109.4600444,16.99556448,6,9/26/2016,4,505.1765234,2,0,1,1,0
5,95.56514355,18.2431454,8,15/02/2030,2,493.2446239,1,1,1,3,0
7,97.70021251,20.79477815,3,14/09/2030,2,477.5598561,1,0,0,3,0
2,105.0673421,19.01347065,6,30/12/2030,4,506.9194125,3,0,0,3,0
6,96.88527495,17.98616692,9,7/26/2016,5,488.7585464,3,0,0,2,0
2,109.5573688,19.84067924,9,29/07/2030,2,505.0244214,3,1,0,1,0
4,105.7169137,17.53203837,9,21/04/2031,5,503.1146047,3,0,1,1,0
5,112.1439621,18.39064542,10,3/2/2011,2,510.873619,3,0,0,1,0
4,94.79094152,15.98707347,2,12/30/2010,3,498.2116973,2,1,0,2,0
4,101.2120807,19.19648813,4,26/03/2031,2,519.2899279,3,0,1,2,0
1,97.49252887,18.16970164,8,12/18/2016,2,490.5673457,3,0,0,2,0
3,107.1436122,18.50829416,8,26/03/2031,3,516.0127758,2,1,1,2,0
7,99.88496106,15.90991312,6,11/5/2016,1,505.4777229,3,1,0,3,0
6,101.4481486,19.59479662,9,11/1/2016,4,493.5221291,2,1,0,2,0
6,101.3798871,18.35851507,8,11/4/2016,2,498.7417195,2,0,1,1,0
7,109.8166612,17.12666839,4,24/08/2031,1,497.9018357,3,0,1,3,0
4,99.13122698,18.05988706,1,6/16/2016,4,477.6916006,2,1,1,1,0
4,89.05352812,14.71718755,6,30/06/2031,1,503.0556363,1,1,0,3,0
3,94.22035751,19.17580873,6,7/4/2016,5,482.6300569,2,1,1,1,0
1,90.75074359,19.47578696,8,8/8/2016,1,503.5531778,1,1,1,2,0
5,104.4549235,18.35228864,5,10/10/2016,5,508.3923713,2,0,0,2,0
1,89.27290603,18.18684716,10,4/1/2016,1,503.1615531,2,0,1,1,0
2,96.75622553,17.90924505,1,21/04/2031,2,488.3525176,1,0,0,3,0
4,112.2033697,15.8615423,5,7/16/2016,1,489.899314,3,0,0,3,0
4,99.56663015,18.93386079,3,28/08/2031,5,505.3059791,1,0,0,3,0
6,92.38182157,18.01463977,10,26/10/2031,4,493.7999433,1,1,1,1,0
5,90.40851372,20.77942805,8,1/20/2016,5,497.7578106,1,1,1,2,0
7,82.95298169,19.25022175,8,22/06/2031,2,498.3441197,1,0,0,1,0
1,98.28143585,15.9616224,3,26/09/2031,2,497.835637,2,1,0,3,0
1,101.5100458,21.77269564,2,1/25/2016,2,503.7342847,1,1,1,2,0
4,110.2434516,17.23028851,8,19/05/2031,5,493.0594294,2,1,0,1,0
4,100.6740332,16.67104021,3,14/11/2031,5,502.9099901,2,1,1,3,0
2,90.5306609,19.97716376,10,8/21/2016,3,506.8440126,3,1,1,3,0
7,94.82847363,14.7441328,2,13/02/2031,4,522.1833316,2,1,1,3,0
1,109.1214832,21.31575262,10,28/03/2031,4,517.5795015,3,0,0,3,0
5,105.4346977,16.55051506,3,2/2/2031,4,483.7807058,3,1,1,2,0
5,107.9932297,20.07477689,8,8/2/2031,3,492.8186996,1,1,0,1,0
4,97.88550848,18.2768105,8,26/02/2031,5,516.0144204,2,0,0,3,0
6,99.14533488,19.3484709,2,29/12/2031,3,484.8393372,2,0,1,3,0
2,99.74780136,21.88512001,5,9/27/2016,2,503.7796232,2,1,0,3,0
2,110.8183121,21.94663596,1,15/02/2031,3,506.5210113,1,1,1,2,0
2,100.468072,17.36541967,4,14/09/2031,5,494.317077,1,0,1,2,0
5,107.693364,18.2387881,4,30/12/2031,3,510.0603908,1,1,1,3,0
4,90.25286986,18.01319421,4,7/27/2016,1,492.485128,2,0,1,3,0
1,103.0471662,16.52463227,9,29/07/2031,5,486.0935072,3,0,1,2,0
4,89.77071928,16.11276931,3,21/04/2032,5,495.8911125,2,0,1,2,0
6,92.37471266,16.61761134,9,10/29/2010,5,497.4909621,3,1,1,3,0
3,99.72973221,15.3370382,2,8/28/2010,1,499.8567216,2,0,1,1,0
4,111.2315841,15.13911865,1,26/03/2032,5,501.1799187,3,1,0,1,0
6,98.57119432,19.92555766,2,12/19/2016,4,512.6665977,3,1,0,3,0
3,95.42299327,15.15586475,2,26/03/2032,1,495.1774852,3,1,1,2,0
3,99.70690257,19.64498054,9,11/5/2016,2,495.1146565,2,1,1,1,0
5,102.2488652,19.69783949,8,11/1/2016,3,507.4727736,2,1,0,3,0
1,81.62145602,16.40658368,6,11/4/2016,5,496.6972687,1,1,0,2,0
1,92.31729042,16.73623057,1,24/08/2032,4,495.9418436,1,0,0,2,0
5,81.25952299,18.12956767,7,6/17/2016,2,495.1878922,1,0,0,2,0
7,100.8418768,18.30817162,6,30/06/2032,3,499.4484083,1,0,0,3,0
2,109.4992588,18.92932652,7,7/4/2016,3,498.1185152,3,0,0,1,0
4,114.2024027,18.30111681,3,8/8/2016,4,512.7839012,2,0,1,2,0
2,95.56353834,16.10285991,5,10/10/2016,3,488.624435,2,1,0,1,0
3,110.9581572,18.36283838,1,4/1/2016,4,513.5824993,2,1,0,2,0
5,93.49097496,20.77930149,8,21/04/2032,4,498.0270177,2,0,1,1,0
6,92.57028072,16.50677699,7,7/17/2016,4,493.1202209,1,0,0,1,0
2,99.6085404,16.57052502,3,28/08/2032,4,505.1945851,1,1,0,3,0
6,126.1853591,21.96421715,7,26/10/2032,3,486.171992,2,1,0,1,0
2,87.07537461,18.20982547,9,1/21/2016,2,495.3956215,3,0,0,2,0
6,95.97310086,20.69842361,8,22/06/2032,3,502.0927849,2,0,0,2,0
1,105.1433483,18.16139498,8,26/09/2032,1,500.096853,2,0,0,2,0
4,112.3596434,20.15603246,3,1/26/2016,4,486.1858289,3,0,0,3,0
4,87.55329859,21.99240878,7,9/22/2015,4,516.4557813,3,0,0,3,0
3,98.6171082,20.87489219,8,3/14/2015,5,500.287422,3,1,1,3,0
7,101.3769545,17.41213326,3,21/04/2033,3,503.6332552,2,0,0,2,0
4,91.66624031,20.95436285,2,7/18/2016,5,487.3930065,2,0,1,3,0
2,95.60233657,15.79751261,7,28/08/2033,2,506.0916692,2,1,1,1,0
7,85.42125238,17.73955162,5,26/10/2033,2,501.1932325,3,0,0,2,0
2,109.879467,20.51794344,4,1/22/2016,1,485.2628287,1,0,0,1,0
5,96.62575358,17.28270454,1,22/06/2033,5,515.6962387,1,0,0,2,0
1,102.2386739,17.35136602,7,26/09/2033,3,494.7848908,2,1,1,3,0
1,104.029565,15.80882218,3,1/27/2016,4,503.7789922,1,1,1,1,0
4,108.6204928,19.22592799,1,9/3/2014,3,500.1988684,3,1,1,3,0
2,109.0148802,16.85403332,7,2/23/2014,4,486.6835548,1,0,1,3,0
4,96.97881144,16.54018503,8,21/04/2034,2,503.889834,2,1,0,2,0
1,111.8217467,18.69917185,1,7/19/2016,3,515.5220876,3,0,1,1,0
4,105.121235,21.01816473,5,28/08/2034,4,506.9130535,1,0,1,3,0
2,98.05248618,17.79021839,10,26/10/2034,5,506.1751317,1,1,0,2,0
1,96.19150431,17.86949852,6,1/23/2016,5,503.2566388,3,1,1,1,0
5,101.6368895,18.07339314,3,22/06/2034,2,488.0304319,2,0,1,3,0
6,103.1317231,16.94929581,8,26/09/2034,2,498.724228,3,1,0,2,0
6,82.42067882,18.43487709,3,1/28/2016,1,491.2054095,3,1,1,2,0
7,101.5364128,20.39832115,7,8/15/2013,1,525.4034625,1,1,1,1,0
2,95.98656538,15.37144597,8,2/4/2013,1,490.5791568,1,0,1,1,0
5,82.35526781,19.36998141,2,21/04/2035,3,500.3051008,1,0,1,2,0
1,96.9256232,19.62913672,6,7/20/2016,5,505.4107844,2,0,1,3,0
7,98.50412828,17.39434924,9,28/08/2035,2,497.6235797,3,0,0,3,0
4,94.83008401,19.07996233,8,26/10/2035,4,499.1820643,3,0,0,2,0
5,92.50939754,16.88162088,10,1/24/2016,5,508.7097517,3,0,0,2,0
6,104.1478626,19.45991315,3,22/06/2035,2,501.7659075,1,0,0,1,0
3,113.7319894,20.45634182,6,26/09/2035,5,515.2094532,3,1,1,1,0
2,89.80589412,19.99766379,9,1/29/2016,4,493.7682978,1,0,1,2,0
6,101.8922324,20.88847584,6,7/27/2012,4,507.2877395,1,1,0,2,0
4,95.63161262,14.99843502,10,1/17/2012,1,517.1859409,3,0,0,2,0
6,112.3531096,18.10464428,10,21/04/2036,4,483.3940085,1,1,1,1,0
3,94.41879363,19.20757305,6,7/21/2016,2,493.5540876,1,1,0,2,0
2,78.52653419,16.43171429,9,28/08/2036,5,522.7663576,3,1,1,2,0
4,101.4210632,15.09068123,5,26/10/2036,3,481.6613233,2,1,1,1,0
7,103.0705352,18.07838569,9,1/25/2016,2,489.6928658,2,0,0,3,0
2,98.78198273,19.68086364,7,22/06/2036,3,505.7672743,2,0,1,3,0
4,104.9830208,19.4986328,8,26/09/2036,4,486.5491038,1,0,0,1,0
3,93.01824221,15.60705114,4,1/30/2016,2,490.0531154,2,0,1,1,0
1,93.76115274,17.95789932,4,7/9/2011,5,487.9255474,1,0,1,1,0
3,97.55374123,18.48077673,7,12/29/2010,2,493.542857,1,0,0,2,0
4,97.75188336,17.17672462,3,21/04/2037,3,494.7836927,1,1,1,2,0
4,97.95131287,16.67722886,7,7/22/2016,3,493.7804704,3,0,1,2,0
5,103.0126903,17.82053493,10,28/08/2037,4,497.1236137,3,0,1,1,0
3,115.693063,18.23755711,7,26/10/2037,2,497.7794312,1,1,1,1,0
4,125.7310825,20.55000429,5,1/26/2016,3,502.1727898,3,1,0,3,0
7,91.67660922,16.43780165,1,22/06/2037,1,505.8755877,3,0,1,3,0
3,90.00168504,15.98733802,9,26/09/2037,1,502.9530295,2,1,0,2,0
5,94.37224224,16.30406629,6,1/31/2016,5,498.2823353,2,1,0,2,0
3,99.24727254,16.98455054,2,6/20/2010,4,494.1410963,3,0,1,1,0
6,95.59502957,13.03052382,6,12/10/2009,3,493.7291846,1,1,1,2,0
7,103.355005,15.39803625,2,21/04/2038,5,511.6566603,1,0,0,1,0
2,96.53885183,17.04269669,3,7/23/2016,1,484.8724375,1,0,0,2,0
6,95.40140803,21.73727121,4,28/08/2038,1,500.4228297,1,0,0,3,0
1,114.1721257,18.80514507,6,26/10/2038,1,510.1351567,1,1,0,2,0
7,102.2320095,22.80963655,6,1/27/2016,2,514.8797622,2,1,1,2,0
3,108.2832999,17.62174898,10,22/06/2038,2,492.1114711,3,1,0,2,0
6,90.5129032,14.85102369,7,26/09/2038,3,518.7703113,2,0,1,3,0
3,97.15594694,18.81124057,1,2/1/2016,4,497.688697,1,1,0,3,0
5,95.71599763,20.56231017,2,6/1/2009,4,488.1726886,2,0,1,3,0
2,80.60080275,16.61576628,7,11/21/2008,4,505.3270799,2,1,1,1,0
7,125.2571992,19.32551946,1,21/04/2039,5,503.4110531,1,1,1,1,0
5,104.6699225,18.19062603,10,7/24/2016,4,529.7941309,1,0,1,2,0
5,94.26366727,18.91148496,6,28/08/2039,5,508.4545345,3,1,1,1,0
3,90.98968744,18.19529283,1,26/10/2039,3,501.9694833,3,0,1,2,0
7,102.3917512,23.3180514,9,1/28/2016,3,505.1374765,1,1,1,3,0
2,102.7570498,15.50172372,5,22/06/2039,1,505.3265415,3,1,0,1,0
4,103.2797917,16.371175,7,26/09/2039,3,499.3330063,1,1,0,1,0
1,82.8952879,20.32691364,9,2/2/2016,2,504.5363387,1,0,1,1,0
6,98.7609991,17.33719906,5,5/13/2008,3,506.4538196,2,1,1,3,0
1,87.69130124,20.08381596,7,11/3/2007,2,494.822465,2,1,1,2,0
7,112.2722932,21.08169972,4,21/04/2040,4,514.9073295,1,1,1,3,0
5,102.9323451,19.71803183,4,7/25/2016,5,496.5478528,1,1,1,2,0
5,109.3790758,17.40980277,2,28/08/2040,4,508.1589609,2,1,0,1,0
1,89.71666729,13.30212147,10,26/10/2040,3,504.6611414,1,1,0,1,0
7,103.5391038,16.08889995,1,1/29/2016,5,489.3635091,2,0,0,2,0
4,96.57301197,20.80038786,3,22/06/2040,5,505.3618182,2,0,1,2,0
2,106.4180033,20.46452049,9,26/09/2040,4,520.6122881,1,0,1,1,0
2,99.47750552,19.56305184,5,2/3/2016,3,495.2189895,1,1,0,2,0
7,95.57359671,18.79379415,3,4/25/2007,5,505.1729974,3,0,1,2,0
1,91.35108803,17.30990322,6,10/15/2006,5,498.0981867,3,0,1,3,0
3,102.3752492,12.73949084,7,21/04/2041,4,508.8573646,1,1,0,1,0
4,98.59104538,16.48338836,9,7/26/2016,3,498.8690198,3,0,1,1,0
5,96.47760736,21.80125088,6,28/08/2041,3,519.7335131,2,1,0,1,0
2,95.20638802,16.5334,8,26/10/2041,4,499.2548918,3,0,0,3,0
4,107.5928905,14.73892933,6,1/30/2016,3,495.8328789,2,0,1,1,0
1,99.95883589,16.83261178,3,22/06/2041,1,506.5870989,3,1,1,2,0
7,93.62342936,16.22636366,10,26/09/2041,2,498.3185896,3,0,0,1,0
5,111.2447412,17.30952034,9,2/4/2016,3,480.3360959,1,1,1,1,0
2,97.9586168,15.0055481,1,4/6/2006,1,505.4472106,2,1,1,3,0
1,92.67672772,17.96049634,7,9/26/2005,4,498.7817076,3,0,0,3,0
6,110.25044,16.97342077,7,21/04/2042,4,503.0394323,3,0,0,2,0
3,93.645882,15.28616546,2,7/27/2016,1,492.626303,3,1,1,1,0
6,97.59451587,17.05643693,2,28/08/2042,1,511.4547595,2,0,0,1,0
3,107.7642229,20.1948346,9,26/10/2042,1,501.2441888,3,1,0,3,0
4,107.9927809,22.42109955,4,1/31/2016,1,509.597196,3,0,0,2,0
7,113.4140754,17.11654375,3,22/06/2042,3,483.674967,1,1,1,1,0
2,80.22566591,17.32183678,6,26/09/2042,3,499.5641697,2,1,0,3,0
2,88.53592373,17.39076133,8,2/5/2016,3,494.0720875,1,0,0,1,0
5,114.9281023,15.23957813,3,3/18/2005,3,500.850782,1,0,0,2,0
5,101.8145136,18.87918718,2,9/7/2004,5,519.2372534,2,1,0,2,0
3,109.4432928,16.06089442,3,21/04/2043,4,490.509661,3,0,0,2,0
3,88.95779563,19.01635158,8,7/28/2016,3,518.8998141,1,1,0,1,0
7,83.59729841,17.63733769,4,28/08/2043,3,514.9926732,1,0,1,1,0
5,100.1531536,19.59992615,8,26/10/2043,2,499.8482342,2,0,0,1,0
1,117.536948,18.99663811,3,2/1/2016,4,509.2504911,3,0,0,1,0
7,114.1828049,17.84437914,2,22/06/2043,5,493.6883914,2,1,0,2,0
5,101.5082946,17.60892838,2,26/09/2043,4,495.9063033,1,1,1,3,0
3,114.9987375,19.86571859,2,2/6/2016,3,502.7120722,3,1,1,1,0
2,104.7743091,18.54420941,9,2/28/2004,1,500.364269,3,1,1,3,0
6,98.84161617,20.37092826,4,8/20/2003,3,517.6751228,1,1,1,2,0
6,102.2513219,20.72077871,5,21/04/2044,4,492.2061156,2,0,1,1,0
1,94.75824716,15.94825401,6,7/29/2016,3,505.6818148,1,1,1,3,0
4,100.7564424,17.86523666,5,28/08/2044,4,491.122498,2,1,0,3,0
1,89.18638731,19.61349255,8,26/10/2044,3,490.595267,3,0,1,1,0
5,111.0284194,20.04158172,5,2/2/2016,1,480.6854578,1,0,0,3,0
1,104.4840776,14.88664635,8,22/06/2044,4,504.912424,3,1,0,3,0
5,104.1984581,21.95623363,3,26/09/2044,5,494.3198719,3,0,1,1,0
1,105.0739198,14.7566221,2,2/7/2016,4,500.7685752,1,1,1,1,0
4,114.8017531,16.39355129,4,2/9/2003,3,494.4985517,3,0,1,3,0
7,113.7183895,19.99459424,1,8/1/2002,5,474.3134476,1,0,1,3,0
7,105.6543976,19.07992288,7,21/04/2045,1,512.0394066,2,1,0,2,0
2,92.75862989,18.07953991,1,7/30/2016,2,501.3183532,3,0,0,1,0
4,99.15952629,19.45170991,4,28/08/2045,3,499.7143244,2,0,1,2,0
4,100.898303,19.66771521,8,26/10/2045,3,490.8171574,1,0,1,2,0
5,117.9642219,21.50788813,9,2/3/2016,3,486.031658,1,0,0,1,0
2,98.23862779,16.00310837,1,22/06/2045,3,499.8934961,3,1,1,3,0
1,101.9404258,14.77942097,10,26/09/2045,2,504.3716672,2,0,1,1,0
2,81.37847864,18.79363871,9,2/8/2016,1,514.249279,3,1,0,3,0
2,107.3263383,15.3462956,4,1/21/2002,2,503.0054479,3,1,0,3,0
4,113.2862906,20.53177435,4,7/13/2001,4,493.4450509,1,0,0,3,0
2,102.9359104,16.29243545,6,21/04/2046,5,515.0218619,3,1,1,1,0
7,102.6285883,20.30904116,9,7/31/2016,5,506.5253192,2,1,0,2,0
3,105.6114828,20.38394646,2,28/08/2046,2,484.5706826,3,0,0,3,0
6,105.935518,18.23723362,1,26/10/2046,5,489.486942,3,1,1,2,0
3,102.5628548,22.1715888,4,2/4/2016,1,490.1066977,1,0,1,3,0
7,81.49983815,17.51273182,8,22/06/2046,4,514.1076845,1,1,1,2,0
6,104.8637173,17.79434633,4,26/09/2046,1,524.8118495,1,0,0,2,0
6,93.38694874,17.76025985,10,2/9/2016,3,503.2825814,1,1,1,2,0
6,92.69643015,19.20745936,10,1/2/2001,3,503.0727222,3,0,0,2,0
1,102.6572261,16.93342736,7,6/24/2000,5,485.6066393,1,1,0,3,0
5,106.9054985,16.56581532,2,21/04/2047,1,476.2884469,1,0,0,2,0
6,106.8796863,16.75911266,3,8/1/2016,5,495.2853067,1,0,1,3,0
7,101.1931672,17.68337999,10,28/08/2047,1,496.1830302,2,0,1,2,0
7,105.0498058,19.57783123,5,26/10/2047,1,506.9149185,2,1,0,3,0
5,89.93541373,17.53846229,4,2/5/2016,2,500.4502401,2,0,1,1,0
4,105.4833261,17.51836179,1,22/06/2047,3,510.1344702,2,1,1,1,0
3,98.64765499,19.28528715,1,26/09/2047,2,498.8421978,2,1,0,3,0
2,94.99622483,16.52808704,6,2/10/2016,4,507.3349286,3,0,1,2,0
1,102.8740561,17.80767425,3,12/15/1999,2,503.0497822,2,0,1,3,0
2,86.44290036,18.71162664,1,6/6/1999,1,496.8713143,1,0,1,1,0
7,97.73989306,15.5517368,1,21/04/2048,4,504.5252044,1,0,0,3,0
2,105.8570526,18.0226859,1,8/2/2016,5,490.9488405,1,0,1,3,0
3,100.028962,16.51865755,8,28/08/2048,4,501.4355785,1,1,0,3,0
3,96.3844312,17.35111791,8,26/10/2048,4,513.3951076,3,1,1,2,0
4,90.71691098,20.35975381,9,2/6/2016,2,514.0839467,1,0,1,3,0
1,90.1713056,16.74664365,5,22/06/2048,4,492.0810743,3,0,1,1,0
2,105.0776441,22.21223157,8,26/09/2048,4,500.3525318,3,0,0,1,0
5,97.2756503,14.94114429,3,2/11/2016,4,502.8135269,1,1,1,2,0
2,113.0648119,18.16824294,1,11/26/1998,5,502.3670413,3,1,0,3,0
7,99.13409782,18.80543215,4,5/18/1998,4,498.4797125,1,1,0,1,0
4,97.41436842,14.73871617,5,21/04/2049,2,507.3838235,1,0,0,3,0
4,92.53603638,16.98946847,10,8/3/2016,2,509.2754438,2,1,0,1,0
6,92.1820681,19.54260339,7,28/08/2049,2,511.6669853,2,1,0,3,0
6,97.34724936,20.64596774,6,26/10/2049,3,482.2425329,1,0,0,3,0
7,111.7305457,17.93646917,2,2/7/2016,4,499.2030819,2,0,1,2,0
6,105.8747971,15.2757853,10,22/06/2049,5,500.8917395,3,0,1,2,0
4,93.43414551,20.87958825,4,26/09/2049,3,496.7270141,2,0,1,1,0
3,80.97354462,17.21578967,8,2/12/2016,2,476.4503439,1,1,1,1,0
1,89.50290194,16.68031184,3,11/7/1997,4,500.4019663,1,0,1,1,0
4,107.2394745,18.9249019,1,4/29/1997,3,497.4191228,3,0,1,2,0
3,89.4065188,13.80823081,1,21/04/2050,5,504.9741975,1,0,0,3,0
7,91.8950493,17.13163345,3,8/4/2016,3,501.7612478,2,0,1,2,0
1,93.01006514,17.80856946,8,28/08/2050,3,496.7258178,1,0,0,3,0
1,104.609234,19.13898444,7,26/10/2050,3,502.773407,2,0,0,2,0
6,101.3553328,16.86504233,1,2/8/2016,2,515.8964812,2,1,1,1,0
3,104.3926385,18.37122061,9,22/06/2050,4,490.5610389,2,0,0,3,0
4,103.889282,15.70473461,4,26/09/2050,5,506.3022098,2,0,0,2,0
4,96.24902307,20.78740366,8,2/13/2016,5,493.0837032,3,0,0,2,0
3,89.52390941,17.2319469,7,10/19/1996,1,491.8571623,2,1,1,2,0
2,87.65494368,17.42802783,5,4/10/1996,4,510.4557282,1,1,0,2,0
3,108.8702081,21.77658612,9,21/04/2051,2,497.5946923,1,0,0,2,0
3,108.6199039,22.04072402,2,8/5/2016,5,510.6156483,3,0,0,3,0
4,96.33687585,19.28902181,7,28/08/2051,2,497.0958267,3,0,0,3,0
1,99.2766555,17.20612227,3,26/10/2051,3,510.1266967,2,0,0,3,0
3,105.5545186,19.44237079,2,2/9/2016,1,508.4829234,2,0,1,3,0
7,99.79915814,15.50868873,8,22/06/2051,4,497.7382856,3,0,1,1,0
4,92.59986805,16.12239349,7,26/09/2051,4,487.0630391,1,0,0,2,0
3,105.8242599,20.00476985,5,2/14/2016,1,504.6524339,1,0,0,2,0
7,96.2916195,18.986055,1,10/1/1995,1,515.6466022,2,0,1,2,0
3,101.4242925,19.28457213,9,3/23/1995,3,512.7925412,1,0,0,2,0
7,100.2902404,15.82034003,8,21/04/2052,1,499.4619637,2,0,0,3,0
5,112.1138686,14.98091933,5,8/6/2016,4,491.3923714,1,0,0,3,0
7,90.17476878,16.60942758,1,28/08/2052,4,510.1607745,1,1,0,1,0
7,92.14744315,20.66100802,1,26/10/2052,5,491.0171887,3,0,1,3,0
5,102.7580832,16.633788,3,2/10/2016,5,480.218093,1,1,1,1,0
7,110.2795948,20.42095492,2,22/06/2052,2,490.6425156,3,1,1,2,0
1,92.33563731,16.21949672,3,26/09/2052,3,504.3917745,3,0,1,3,0
4,90.77730223,19.43551061,7,2/15/2016,3,513.4301201,1,1,1,1,0
2,86.08401157,20.46048072,6,9/12/1994,1,511.4809366,1,0,1,2,0
2,92.72152739,15.94450131,3,3/4/1994,4,501.3952391,1,0,1,2,0
7,98.67021579,13.49167976,1,21/04/2053,1,483.746425,2,0,0,2,0
6,108.8169241,19.44290363,8,8/7/2016,1,501.450849,2,1,0,1,0
5,101.0056903,18.83156924,6,28/08/2053,3,490.4240151,3,1,0,3,0
1,99.5829432,20.42836399,10,26/10/2053,3,497.5581107,3,1,0,2,0
6,100.370057,17.79182043,7,2/11/2016,1,498.5654084,3,0,0,3,0
7,119.0665589,14.14797115,1,22/06/2053,2,517.2630231,2,1,1,1,0
7,108.7934569,15.07952575,10,26/09/2053,1,496.3558658,1,0,1,3,0
6,100.8099677,20.76735276,8,2/16/2016,4,487.8626139,3,1,1,2,0
5,107.5707428,18.28273964,10,8/24/1993,3,498.3523599,1,0,1,2,0
5,104.0814094,17.11881222,10,2/13/1993,1,510.202847,2,1,1,1,0
7,79.86632953,14.85498194,6,21/04/2054,4,502.7859198,3,0,0,3,0
1,95.46599346,17.40910914,2,8/8/2016,5,500.4520875,1,1,0,1,0
6,83.57948485,19.09330857,1,28/08/2054,1,496.0177738,1,0,0,1,0
5,87.4479022,16.85617301,9,26/10/2054,3,494.0785861,2,1,0,3,0
1,102.3392697,19.41627244,6,2/12/2016,1,505.3450439,3,0,0,3,0
2,102.9548826,18.9939177,7,22/06/2054,4,511.8351486,2,0,1,2,0
5,87.91719146,16.97574107,3,26/09/2054,4,501.86195,1,1,1,1,0
4,99.04599029,16.00869617,5,2/17/2016,3,519.4133191,2,1,1,1,0
3,88.33981397,15.4453678,9,8/5/1992,5,481.9682536,3,1,0,3,0
1,101.0126524,17.17977582,2,1/26/1992,2,515.5669859,1,1,0,2,0
5,96.74058164,17.37504616,3,21/04/2055,2,499.6193502,2,1,0,1,0
3,111.373112,20.31945326,8,8/9/2016,3,515.7574266,1,0,0,2,0
4,96.50798162,18.68664699,7,28/08/2055,4,503.4518027,1,1,1,1,0
4,102.9583998,16.30503071,1,26/10/2055,3,499.29989,2,0,1,1,0
3,94.60993673,19.57742052,2,2/13/2016,1,509.7639336,1,1,1,3,0
7,96.21010059,18.77689673,9,22/06/2055,3,513.7134526,2,0,1,3,0
5,96.30121694,16.27363565,5,26/09/2055,4,495.2906099,2,0,1,2,0
6,107.6933229,18.77489197,8,2/18/2016,2,485.8829973,2,0,0,3,0
3,99.18482561,17.66338169,5,7/18/1991,5,476.0868416,3,1,1,1,0
1,95.82809359,19.70919408,2,1/7/1991,2,498.8722707,3,1,1,2,0
5,108.9629738,19.80179446,10,21/04/2056,4,496.8983553,1,1,1,3,0
3,91.30631359,16.22200757,3,8/10/2016,1,488.8400037,3,0,0,3,0
3,82.21958819,14.34480383,9,28/08/2056,5,501.465229,2,0,1,2,0
5,80.30804591,16.51971938,7,26/10/2056,2,508.2903123,1,1,0,1,0
6,98.4613484,17.76240596,4,2/14/2016,2,498.2049466,3,1,1,2,0
1,95.7942912,20.38236163,5,22/06/2056,3,486.1076216,2,0,1,3,0
4,98.46244256,20.51291613,4,26/09/2056,3,509.8703856,1,1,0,3,0
4,116.5718188,14.16332234,1,2/19/2016,5,506.3192833,3,0,0,3,0
6,98.29980384,21.710665,7,6/29/1990,4,495.1481859,3,1,0,1,0
4,104.7365511,16.94804347,1,12/19/1989,3,502.0915258,1,0,0,1,0
3,101.8500621,16.66043136,10,21/04/2057,1,505.6603821,1,1,0,1,0
2,90.37555365,19.5986435,1,8/11/2016,4,490.14636,2,0,1,3,0
2,90.38714646,20.840311,2,28/08/2057,1,491.4502171,3,1,0,1,0
1,98.16698499,16.87152209,4,26/10/2057,4,488.4886902,3,0,1,1,0
1,98.8068597,18.61953763,2,2/15/2016,2,503.3658808,1,1,1,3,0
4,104.4379672,14.56221846,10,22/06/2057,1,481.7512642,3,0,1,3,0
3,87.97273644,18.69854659,6,26/09/2057,2,492.5123388,3,0,0,1,0
3,88.49348332,16.32852152,6,2/20/2016,4,488.94401,3,0,1,2,0
1,110.6593612,19.10717078,2,6/10/1989,5,501.0977659,2,1,1,1,0
3,117.2935341,17.36233411,7,11/30/1988,1,512.5436647,3,0,1,3,0
6,100.0761495,14.6711879,7,21/04/2058,4,498.0991018,3,1,0,1,0
3,93.26095117,14.4453073,7,8/12/2016,5,506.1302773,2,0,1,3,0
7,84.01427793,17.16322153,2,28/08/2058,2,499.1114531,3,1,1,2,0
3,96.76758414,18.9772212,6,26/10/2058,3,492.892767,3,1,1,1,0
1,106.6318409,20.03887804,5,2/16/2016,2,503.9978084,3,1,1,1,0
3,99.72834383,21.46298554,10,22/06/2058,5,502.2734456,1,1,0,1,0
1,112.6924145,20.68924537,8,26/09/2058,2,504.1287344,3,1,0,1,0
5,94.07586955,15.78115115,2,2/21/2016,2,494.7838948,3,1,1,1,0
7,93.53450042,17.46971553,10,5/22/1988,4,510.2911447,1,1,0,3,0
5,103.0265652,19.32273098,7,11/12/1987,5,503.2829646,3,0,0,2,0
3,101.5998566,20.83464988,9,21/04/2059,2,506.2794612,1,1,1,2,0
6,111.2478057,16.36420271,3,8/13/2016,4,487.6665091,1,1,0,3,0
6,111.2128192,21.19363517,3,28/08/2059,3,509.6826234,1,1,0,2,0
1,95.82980142,18.81906192,4,26/10/2059,4,498.2957158,3,0,0,1,0
4,97.05611871,22.68974052,1,2/17/2016,5,488.7422806,2,1,1,3,0
7,97.44792452,17.9495092,3,22/06/2059,3,510.4378393,3,1,0,3,0
7,98.53854822,18.60799865,3,26/09/2059,2,498.478525,3,1,1,1,0
2,99.91787589,16.31801835,8,2/22/2016,3,503.880078,3,1,1,1,0
1,122.1551184,21.02512963,7,5/4/1987,5,508.1340961,2,0,0,3,0
3,100.5484991,18.33603541,3,10/24/1986,2,513.237281,3,0,0,2,0
2,92.48088277,19.04629002,10,21/04/2060,4,506.3247637,1,0,0,3,0
3,105.6303153,16.91462975,1,8/14/2016,1,508.3445805,3,0,0,3,0
3,98.98393636,17.39104077,7,28/08/2060,5,480.3122679,1,0,1,2,0
7,108.1731999,18.4603507,8,26/10/2060,4,486.548239,1,1,0,1,0
1,99.94975827,18.9588782,6,2/18/2016,1,501.5732721,3,1,0,3,0
5,89.44948391,17.3523494,4,22/06/2060,3,489.8635643,2,1,0,2,0
7,108.4987238,17.51331725,3,26/09/2060,3,507.9232718,3,0,1,2,0
6,95.84823675,13.79885661,6,2/23/2016,5,516.2140363,1,1,1,1,0
5,107.3795738,18.71444887,3,4/15/1986,5,505.8147212,3,1,1,2,0
1,89.42429354,20.34469763,9,10/5/1985,1,506.265747,3,1,0,3,0
7,85.63821982,19.11683451,8,21/04/2061,5,515.7771823,3,1,0,3,0
2,104.3919023,23.0059468,5,8/15/2016,5,491.1975176,2,1,1,1,0
6,95.35682179,17.13639647,3,28/08/2061,1,499.3738207,1,0,1,1,0
2,114.9887932,18.87990861,1,26/10/2061,4,499.7795531,1,1,0,2,0
7,98.02688195,20.10806199,5,2/19/2016,5,492.9748055,1,0,0,2,0
6,117.8399769,20.65957187,3,22/06/2061,5,501.2598457,1,0,1,3,0
3,98.58213918,18.78034889,5,26/09/2061,2,493.4715495,1,1,1,1,0
7,117.0644879,19.95558215,5,2/24/2016,3,493.0739768,2,0,1,3,0
3,87.93021905,21.87910459,6,3/27/1985,3,476.626866,1,0,1,2,0
6,105.6515797,18.52519908,4,9/16/1984,4,504.8258175,2,0,1,2,0
1,103.3426149,19.73887277,9,21/04/2062,2,504.6240775,3,0,0,2,0
6,101.1116144,17.65318345,7,8/16/2016,2,527.9285721,1,0,1,1,0
